Definition,Label
16 people gang rape and murder of a girl who was burnt alive,IPC_Section_302_376
2 constables had then brutally beaten person who sustained injuries and was admitted to a hospital and was in critical condition,IPC_Section_307
2 persons who kidnapped 2 girls to an old building and raped the elder child,IPC_Section_376
2 youth raped the girl on the pretext of taking her to a nearby jungle,IPC_Section_376
3 men for gang-raping woman and attacked her with sharp weapon,IPC_Section_307_376
4 men accused of the rape and murder of a woman,IPC_Section_302_376
4 men allegedly gang-raped a woman in front of her husband,IPC_Section_376
4 men raped the girl and strangulated her to death,IPC_Section_302_376
5 men accused of raping a girl,IPC_Section_376
A case of murder was registered,IPC_Section_302
A driver who allegedly killed him because of old enmity was arrested after he was beaten up by people,IPC_Section_302
a group of people allegedly attacked man and fired shots,IPC_Section_307
A man was axed to death by son,IPC_Section_302
"a person intending to victim with poison, procures a white powder containing poison and secretly mixes the same with food which remains in keeping of that person fails to kill or pioson viction ",IPC_Section_307
"A person is said to commit the offense of murder when being a person of sound mind, he kills any other reasonable person",IPC_Section_302
a position of control or dominance over a woman commits rape on such woman,IPC_Section_376
"a relative, guardian or teacher of, or a person in a position of trust or authority towards the woman, commits rape on such woman",IPC_Section_376
accused allegedly shot them with his revolver after they allegedly attacked the police team,IPC_Section_307
accused allegedly stabbed to death his brother,IPC_Section_302
accused allegedly strangled victim and stabbed him to death,IPC_Section_302
accused allegedly took the girl on the pretext of giving her sweets and allegedly raped the child and killed her by strangulating her,IPC_Section_302_376
Accused can be arrested for allegedly sexually harassing or sexual harassment of a female,IPC_Section_376
accused in an attempt to murder case,IPC_Section_307
accused in the rape and death,IPC_Section_302_376
accused lured the girl then raped and killed her by smashing her head with a stone,IPC_Section_302_376
accused of allegedly raping her,IPC_Section_376
accused of raping a woman and tried to kill her by setting her fire or set her on fire,IPC_Section_307_376
accused were heading to execute a murder,IPC_Section_307
after an alleged sex rape attack on a girl trying to kill her,IPC_Section_307_376
After raping her he allegedly threw her from a bridge on railway tracks,IPC_Section_307_376
"After raping her, he tried to strangulate the woman",IPC_Section_307_376
"after raping the victim, the accused had hit her head with a stone",IPC_Section_302_376
after the medical examination the minor confided in her mother and said that she was repeatedly raped by her father,IPC_Section_376
all accused rape and murder,IPC_Section_302_376
alleged rape and attempt to commit murder of  a minor,IPC_Section_307_376
alleged rape and murder of an girl by a boy,IPC_Section_302_376
alleged she was gang-raped before killed,IPC_Section_302_376
alleged that she was raped and set ablaze or set her on fire. later she was sent to hospital undergoing treatment,IPC_Section_307_376
allegedly accused of rape and murder of a girl,IPC_Section_302_376
allegedly attacked with a knife by her former driver,IPC_Section_307
allegedly beaten to death,IPC_Section_302
allegedly beating a man to death,IPC_Section_302
allegedly hacked to death,IPC_Section_302
allegedly infecting the person infection,IPC_Section_307
allegedly killed,IPC_Section_302
allegedly killed,IPC_Section_302
allegedly killed and burnt the dead body,IPC_Section_302
allegedly killed and set the deadbody or body on fire,IPC_Section_302
allegedly killed by 5 persons who later burnt the body or deadbody at a forest,IPC_Section_302
allegedly killed the person,IPC_Section_302
"allegedly killed wife, dumped her body, packed in a sack",IPC_Section_302
allegedly killing,IPC_Section_302
allegedly killing a 7 year old girl who had gone missing.,IPC_Section_302
allegedly killing a woman,IPC_Section_302
allegedly killing his elder brother following an argument,IPC_Section_302
allegedly killing or killed his wife and son by setting them on fire,IPC_Section_302
allegedly latched the door of the laboratory and raped the girl,IPC_Section_376
allegedly murdered,IPC_Section_302
allegedly murdering,IPC_Section_302
allegedly owning allegiance to the proscribed terror group,IPC_Section_307
allegedly performed human sacrifice to appease the gods,IPC_Section_302
allegedly poisoned and killed,IPC_Section_302
allegedly raped a woman,IPC_Section_376
allegedly raped and murdered,IPC_Section_302_376
allegedly raped and set a girl afire,IPC_Section_307_376
allegedly raping a girl and making a video of the crime,IPC_Section_376
allegedly raping a teenager,IPC_Section_376
allegedly raping a woman,IPC_Section_376
allegedly raping and killing a woman,IPC_Section_302_376
allegedly raping his daughter,IPC_Section_376
allegedly raping his daughter,IPC_Section_376
allegedly sexually assaulted by a burglar and even tried to strangulate her,IPC_Section_307_376
allegedly shot dead after an argument,IPC_Section_302
allegedly smothered to death,IPC_Section_302
allegedly strangulated to death by his friend,IPC_Section_302
"allegedly thrashed by her father, continues to battle for life in Kerala at a hospital",IPC_Section_307
allegedly threw his mother off the roof of building and then pretended that he didnâ€™t know about it,IPC_Section_307
allegedly trying to poison the victim,IPC_Section_307
an act should be done which must be capable of causing demise in the natural and ordinary course of things,IPC_Section_307
an alcoholic man forcibly drowned his 3 daughters,IPC_Section_307
an alleged serial killer who allegedly raped and murdered minor girls,IPC_Section_302_376
an attempt to murder and criminal conspiracy,IPC_Section_307
An couple was murdered in Dubai by a national,IPC_Section_302
An intention of or knowledge,IPC_Section_307
apprehended the 3 juveniles for the murder,IPC_Section_302
attempt to kill,IPC_Section_307
attempt to kill and rape,IPC_Section_307_376
attempt to kill or murder,IPC_Section_307
attempt to kill women,IPC_Section_307
Attempt to murder,IPC_Section_307
attempt to murder and rape,IPC_Section_307_376
attempt to murder and rape,IPC_Section_307_376
attempted honour killing ,IPC_Section_307
attempted to kill,IPC_Section_307
axed to death,IPC_Section_302
baby was raped and murdered,IPC_Section_302_376
beaten the minor,IPC_Section_307
beaten to death,IPC_Section_302
before stabbing her in her throat with a kitchen knife raped her and threw her in the drain ,IPC_Section_307_376
bludgeoned to death,IPC_Section_302
bludgeoned to death with boulders,IPC_Section_302
bombing,IPC_Section_302
boy allegedly raped a girl,IPC_Section_376
boy allegedly raping a minor girl,IPC_Section_376
boy has been held for allegedly raping a minor girl,IPC_Section_376
"boy took the girl to his room, raped her and killed her by throttling her whom he then put the body of the girl in a gunny bag",IPC_Section_302_376
boy was allegedly murdered by his mother,IPC_Section_302
boy was killed by a woman allegedly,IPC_Section_302
boy was strangled to death,IPC_Section_302
British woman tourist was allegedly raped by an unidentified man,IPC_Section_376
brutal lynching and lynched,IPC_Section_302
brutal murder case,IPC_Section_302
brutally killed by unknown assailants,IPC_Section_302
But if a person places the same food on the table of the victim or delivers it to a servant of the victim to be placed on the table of the victim attempt,IPC_Section_307
butchered,IPC_Section_302
"came to meet the woman, he was accompanied by his friend and both allegedly raped the woman",IPC_Section_376
"carnaged, bomb blast",IPC_Section_302
case of double murder,IPC_Section_302
case of honour killing,IPC_Section_302
"case of honour killing, a man killed his daughter and completed her final rites hurriedly",IPC_Section_302
case of rape against an IAS officer,IPC_Section_376
case of rape and attempt to murder,IPC_Section_307_376
"cases of murder, murderous assault, gangster",IPC_Section_302
Celebratory firing during functions,IPC_Section_307
"charged for the attempt to murder, gang rape",IPC_Section_307_376
chopped off the head,IPC_Section_302
commits homicide,IPC_Section_302
commits murder and death,IPC_Section_302
commits murder and kills the person,IPC_Section_302
commits rape,IPC_Section_376
commits rape during communal or sectarian violence,IPC_Section_376
"commits rape on a girl when she is under sixteen years of age, underage",IPC_Section_376
commits rape on a woman knowing her to be pregnant,IPC_Section_376
commits rape on a woman suffering from mental or physical disability.,IPC_Section_376
commits rape repeatedly on the same woman,IPC_Section_376
"commits rape, incapable of giving, without consent",IPC_Section_376
committed murder,IPC_Section_302
committed rape,IPC_Section_376
"committing for murder, assassination",IPC_Section_302
committing rape,IPC_Section_376
connection with the sexual assault of a woman by her husband and his friends after forcibly making her drink liquor,IPC_Section_376
conspired to kill,IPC_Section_307
convict in the rape and murder girl,IPC_Section_302_376
convicted of murder,IPC_Section_302
convicted of rape and murder of a girl,IPC_Section_302_376
convicted rapist and also having the charges of attempt to murderer,IPC_Section_307_376
cop fired at man after argument,IPC_Section_307
couple have been admitted to hospital with severe injuries,IPC_Section_307
cousin got hold of her and allegedly raped her there,IPC_Section_376
crushing face with stones multiple times and killed or murdered her,IPC_Section_302
culprit in brutal murder and suspected rape of a girl,IPC_Section_302_376
death and rape,IPC_Section_302_376
death or he died on the spot,IPC_Section_302
died of gunshot wounds after the assailant barged into his house,IPC_Section_302
driver was murdered after his car was stolen,IPC_Section_302
drunken man allegedly beat his wife to death,IPC_Section_302
elderly was allegedly shot dead by an unidentified assailant,IPC_Section_302
"family killed their daughter. While the mother gave her sleeping pills, other members of the family strangulated her and cremated the body or deadbody",IPC_Section_302
father rapes daughter repeatedly impregnates her,IPC_Section_376
female was allegedly shot dead by her husband,IPC_Section_302
for allegedly firing,IPC_Section_307
for attempting to murder and subsequently raping a woman,IPC_Section_307_376
for grievously attacking another man with sharp-edged weapons with the intention to kill him,IPC_Section_307
for spreading the infection,IPC_Section_307
found dead,IPC_Section_302
found dead with his throat slit,IPC_Section_302
found murdered,IPC_Section_302
gang rape,IPC_Section_376
Gang rape is the situation where a woman is raped by more than 1 person or men with the same intention to rape the woman,IPC_Section_376
gang rape of 2 girls attempted murders,IPC_Section_307_376
gang rape of woman,IPC_Section_376
gang raped and killed,IPC_Section_302_376
gang raped and murdered,IPC_Section_302_376
gangrape and murder of a woman,IPC_Section_302_376
girl allegedly got pregnant thrice due to repeated rapes and was made to abort each time,IPC_Section_376
girl allegedly raped and murdered by a sexual predator,IPC_Section_302_376
girl gang raped by 7 men,IPC_Section_376
girl has become pregnant after allegedly being repeatedly raped by 2 brothers,IPC_Section_376
girl has been admitted at hospital in a serious condition after she was thrown out of a running train,IPC_Section_307
girl has been allegedly raped by her cousin,IPC_Section_376
girl raped,IPC_Section_376
girl raped and killed allegedly by 2 people,IPC_Section_302_376
girl raped at gunpoint,IPC_Section_376
girl student who was alone in her house was reportedly gang-raped by 3 teenagers,IPC_Section_376
girl was abducted and raped by an unidentified person on the outskirts,IPC_Section_376
girl was abducted and raped by two people,IPC_Section_376
girl was allegedly abducted and gang-raped by 4 men,IPC_Section_376
girl was allegedly abducted and raped by 2 men,IPC_Section_376
girl was allegedly abducted and raped by her neighbour,IPC_Section_376
girl was allegedly abducted and raped by two youths,IPC_Section_376
girl was allegedly gang-raped by 4 men,IPC_Section_376
"girl was allegedly gang-raped by 4 students, and then dumped near",IPC_Section_376
girl was allegedly murdered after suspected rape,IPC_Section_302_376
girl was allegedly murdered and then raped by a man and set ablaze and she later succumbed or died to her burns at a hospital ,IPC_Section_302_376
girl was allegedly raped and killed by a guest,IPC_Section_302_376
girl was allegedly raped and murdered,IPC_Section_302_376
girl was allegedly raped and murdered,IPC_Section_302_376
girl was allegedly raped and murdered ,IPC_Section_302_376
girl was allegedly raped and strangled to death,IPC_Section_302_376
girl was allegedly raped by 2 brothers on various occasions,IPC_Section_376
girl was allegedly raped by 2 men,IPC_Section_376
girl was allegedly raped by 4 youths in a field at gunpoint,IPC_Section_376
"girl was allegedly raped by 6 men, was kept sedated and sexually assaulted once again before being bludgeoned to death",IPC_Section_302_376
girl was allegedly raped by a man,IPC_Section_376
girl was allegedly raped by a man and seriously injured her,IPC_Section_307_376
girl was allegedly raped by a man when she was alone in her house,IPC_Section_376
girl was allegedly raped by a man who also tried to kill her by hitting her head with a stone,IPC_Section_307_376
girl was allegedly raped by a staffer of a hotel,IPC_Section_376
girl was allegedly raped by a teenager,IPC_Section_376
girl was allegedly raped by a youth,IPC_Section_376
girl was allegedly raped by a youth,IPC_Section_376
girl was allegedly raped by a youth,IPC_Section_376
girl was allegedly raped by a youth,IPC_Section_376
girl was allegedly raped by a youth from her neighbourhood,IPC_Section_376
girl was allegedly raped by her father,IPC_Section_376
girl was allegedly raped by her neighbour,IPC_Section_376
girl was allegedly raped by her neighbour,IPC_Section_376
girl was allegedly raped by her stepfather,IPC_Section_376
girl was allegedly raped by three men,IPC_Section_376
girl was allegedly raped by two men,IPC_Section_376
girl was allegedly raped for 5 days by 6 persons,IPC_Section_376
girl was allegedly repeatedly raped and impregnated by a boy,IPC_Section_376
girl was brutally raped and murdered,IPC_Section_302_376
girl was brutally raped and strangled to death,IPC_Section_302_376
girl was found allegedly raped and strangled to death with her own school belt,IPC_Section_302_376
girl was found in a semi-nude indicating that she might have been raped before being murdered,IPC_Section_302_376
girl was found raped and murdered,IPC_Section_302_376
girl was gang-raped by 2 minors,IPC_Section_376
girl was gangraped by 2 unidentified accused and the incident took place at gunpoint,IPC_Section_307_376
girl was lured by the boy and got raped,IPC_Section_376
girl was raped allegedly by a neighbour at her house,IPC_Section_376
girl was raped and attempt to killed allegedly by a boy,IPC_Section_307_376
girl was raped and blinded in an attack,IPC_Section_307_376
girl was raped and murdered,IPC_Section_302_376
girl was raped and then murdered by her landlord. He then packed her body or deadbody in a bag and threw it in a garbage dump,IPC_Section_302_376
girl was raped by a old man,IPC_Section_376
girl was shot dead and burnt after being allegedly raped,IPC_Section_302_376
girl was taken by the youth when she was playing near her house and raped at a secluded area,IPC_Section_376
girl who was allegedly raped and set on fire by her neighbour,IPC_Section_307_376
grisly case of double murder and suicide,IPC_Section_302
guilty for committing murder and death,IPC_Section_302
had allegedly beaten,IPC_Section_307
had opened fire at a friend living in flats,IPC_Section_307
had tried to strangulate,IPC_Section_307
has killed allegedly,IPC_Section_302
has murdered allegedly,IPC_Section_302
he admitted to having committed offence of rape when the girl had come out he had disposed of the body,IPC_Section_302_376
he allegedly killed his infant daughter and threw her body from their apartment,IPC_Section_302
he along with another person raped the woman and then killed her,IPC_Section_302_376
he confessed to have raped and murdered the girl whose body was recovered,IPC_Section_302_376
He fled his house after raping her,IPC_Section_376
he had admitted to raping and killing another girl,IPC_Section_302_376
he had killed the minor and later dumped her deadbody or body nearby,IPC_Section_302
he held her hostage and raped her,IPC_Section_376
He held her hostage and raped her,IPC_Section_307_376
He killed her,IPC_Section_302
he killed his estranged wife. He went to his in-laws place and killed his mother-in-law and then killed himself,IPC_Section_302
He later succumbed to his injuries at a hospital,IPC_Section_307
"He physically tortured and raped girl, he hit the girl with rod ",IPC_Section_307_376
"He physically tortured and raped girl, later girl was sent to hospital ",IPC_Section_307_376
he raped her and he strangled her,IPC_Section_302_376
he raped the girl and tried to burn her alive,IPC_Section_307_376
He raped the girl and tried to strangulate her,IPC_Section_307_376
He thrashed the girl brutally and raped her,IPC_Section_307_376
"He thrashed the girl brutally and raped her and setting her on fire , the girl is battling for her life at hospital",IPC_Section_307_376
he was charged with homicide,IPC_Section_302
he was convicted for raping a student and murdering her before setting her house on fire,IPC_Section_302_376
he was found guilty of rape and murder of a woman,IPC_Section_302_376
he was shot,IPC_Section_307
held for allegedly killing his wife by crushing her face with stones multiple times,IPC_Section_302
held with illegal weapon,IPC_Section_307
her husband attacked at their home,IPC_Section_307
"HIV positive man who allegedly raped his minor stepdaughter, infecting her with the virus",IPC_Section_307_376
home guard murdered girl for rejecting his love proposal,IPC_Section_302
homemaker was murdered allegedly by her husband,IPC_Section_302
homicide,IPC_Section_302
human sacrifice,IPC_Section_302
"I pushed her from the bridge on the railway tracks after raping her, and ran towards my house",IPC_Section_307_376
immolation attempt,IPC_Section_307
in connection with the killing,IPC_Section_302
incident of a rape and murder,IPC_Section_302_376
injured,IPC_Section_307
injured woman and admitted her to the hospital,IPC_Section_307
intending to kill,IPC_Section_307
intruders started abusing and threatening girls of rape and murder,IPC_Section_307_376
kill and rape,IPC_Section_302_376
killed,IPC_Section_302
"killed by feeding food, which was laced with poison and consumed it later",IPC_Section_302
"killed, packed the deadbody in a bag, dragged and buried it there",IPC_Section_302
killings,IPC_Section_302
kills,IPC_Section_302
Later he died in the hospital,IPC_Section_302
later he died while being taken to hospital or he died at the hospital,IPC_Section_302
later taken to a nearby agriculture field and raped by the youths,IPC_Section_376
"Later victim, who was severely injured or wounded was taken to the hospital where he died",IPC_Section_302
lawyer raping and threatening a law student,IPC_Section_376
lodged an attempt to murder case against the deceased for opening fire at the police team,IPC_Section_307
lynch wiped out,IPC_Section_302
"man allegedly forced himself inside the house of a woman raped her at knife point, and then tried to kill her",IPC_Section_307_376
man allegedly killed his father,IPC_Section_302
man allegedly killed his father,IPC_Section_302
man allegedly murdering his wife by letting loose a cobra in her room,IPC_Section_302
man allegedly raped a girl,IPC_Section_376
man allegedly raping and impregnating his daughter,IPC_Section_376
man allegedly stabbed his niece suspected to be an attempted honour killing,IPC_Section_307
man allegedly thrashed his mother to death in an inebriated state,IPC_Section_302
"man allegedly throttled his wife and child to death, and later set the bodies or deadbodies ablaze",IPC_Section_302
man allegedly trying to kill his girlfriend,IPC_Section_307
man beheaded girl after she allegedly resisted his attempts to rape her,IPC_Section_302_376
man drowned his son and slit the throat of his daughter,IPC_Section_302
man enraged over his father bludgeoned his father to death,IPC_Section_302
man for allegedly raping a girl,IPC_Section_376
man for raping a girl and trying to kill her,IPC_Section_307_376
man for raping and murdering girl and set ablaze and she later succumbed to her burns at a hospital,IPC_Section_302_376
man gang rapes and murders mentally challenged girl with his 3 friends,IPC_Section_302_376
Man hammers daughter to death,IPC_Section_302
"man has killed his own mother, wife and 3 minor daughters",IPC_Section_302
man killed his mother and then setting her on fire,IPC_Section_302
"man killed his teenage daughter in cold blood, sacrifice",IPC_Section_302
man lured girl with sweets and raped her at his house,IPC_Section_376
man murdered his wife,IPC_Section_302
man on  attempting to murder a woman,IPC_Section_307
man on charges of raping a minor girl,IPC_Section_376
man raped the girl who was mute when she was sleeping in her house,IPC_Section_376
man rapes attempts to murder woman inside her home,IPC_Section_307_376
man rapes minor girl,IPC_Section_376
man raping his sisters classmate,IPC_Section_376
man shot dead his wife and stepson,IPC_Section_302
man then sexually assaulted her and threatened to kill her even tried to strangulate her,IPC_Section_307_376
man threw his neighbours 2 children off the roof of a building got injured after being thrown off the roof,IPC_Section_307
man was allegedly beaten to death by his 2 sons,IPC_Section_302
man was attacked with a knife over disputes,IPC_Section_307
man was beaten to death by the womans son,IPC_Section_302
man was behind the rape and murder of two children,IPC_Section_302_376
man was held for allegedly raping and murdering girl,IPC_Section_302_376
"man was held guilty murdering an elderly woman ,raping another woman",IPC_Section_302_376
man was murdered by a 3 member unidentified gang,IPC_Section_302
man was murdered by his friends husband,IPC_Section_302
man was murdered by his own son,IPC_Section_302
man was murdered by unidentified persons,IPC_Section_302
man was shot dead allegedly by a teenager,IPC_Section_302
man was shot dead allegedly by unidentified assailants,IPC_Section_302
man was stabbed to death,IPC_Section_302
man was stabbed to death by two persons,IPC_Section_302
man was stabbed to death in front of his wife and daughter,IPC_Section_302
man was thrashed and killed allegedly by his wife and mother-in-law,IPC_Section_302
man was thrashed by an employee of the hospital the man has been hospitalised,IPC_Section_307
manager on charges of cheating and raping an event manager,IPC_Section_376
men on charges of raping and attempting to murder a woman,IPC_Section_307_376
minor daughter who also sustained burn injuries in the incident is undergoing treatment at hospital,IPC_Section_307
minor girl has allegedly been raped when she was out in the fields to relieve herself,IPC_Section_376
minor girl was allegedly gang-raped by 11 men for 4 years threatened,IPC_Section_376
minor girl was allegedly raped,IPC_Section_376
minor girl was allegedly raped and murdered,IPC_Section_302_376
minor girl was allegedly raped by a man,IPC_Section_376
minor girl who was allegedly raped and then killed by her employer,IPC_Section_302_376
minor girls were allegedly raped by their cousin,IPC_Section_376
minor girls were allegedly raped by youths,IPC_Section_376
misconduct in the quarantine centres,IPC_Section_307
mixing poision with an intension to kill,IPC_Section_307
molestation and rape,IPC_Section_376
monk who is accused of raping of a pregnant woman and molesting another,IPC_Section_376
motive behind the killing,IPC_Section_302
murder and rape,IPC_Section_302_376
"murder and rape charges against the prime accused in the killing case, in connection with the killing of 2 women",IPC_Section_302_376
murder and rape of minors,IPC_Section_302_376
murder cases,IPC_Section_302
murder cases against,IPC_Section_302
murdered and rape,IPC_Section_302_376
murdering,IPC_Section_302
"neighbour of the victim, abducted her, took her to secluded place and raped her",IPC_Section_376
offences of Gang Rape,IPC_Section_376
One bullet had hit the friend,IPC_Section_307
owner allegedly raped a minor and subsequently strangled her to death,IPC_Section_302_376
owner was shot dead by unidentified assailants,IPC_Section_302
people accused in the rape and murder of a girl,IPC_Section_302_376
people accused of burning a woman alive after raping her,IPC_Section_302_376
perpetrators who brutally gang-raped and killed her,IPC_Section_302_376
person for allegedly raping a girl at his house,IPC_Section_376
person in connection with the alleged gang rape and murder of a woman whose body was found,IPC_Section_302_376
"Person intending to poison victim, purchases poison and mixes the same with food which remains in keeping of that person but fails to kill or poision victim",IPC_Section_307
person who involved in the rape and murder of a woman,IPC_Section_302_376
person who was also shot at by the accused confirmed that the people in the auto were carrying some house breaking equipment,IPC_Section_307
pointed gun at him with an intension to kill,IPC_Section_307
police officer commits rape,IPC_Section_376
prove that the act committed amounts to the offence of murder,IPC_Section_302
public servant commits rape on a woman,IPC_Section_376
pushed the person out of the moving bus,IPC_Section_307
rape,IPC_Section_376
rape  and attempt to murder he shot her with gun,IPC_Section_307_376
rape a minor girl,IPC_Section_376
rape and cheating,IPC_Section_376
rape and murder,IPC_Section_302_376
rape attempt to murder voluntarily causing hurt and criminal intimidation,IPC_Section_307_376
rape murder suspects,IPC_Section_302_376
rape of his teenage stepdaughter and attempt to murder by setting her ablaze or set her on fire by pouring petrol,IPC_Section_307_376
rape the girl When the girl resisted he stabbed her in the neck and stomach,IPC_Section_307_376
raped,IPC_Section_376
raped and bludgeoned to death,IPC_Section_302_376
raped and burnt alive to death,IPC_Section_302_376
raped and killed,IPC_Section_302_376
raped and murdered,IPC_Section_302_376
raped and strangled to death,IPC_Section_302_376
raped and tried to kill,IPC_Section_307_376
raped the girl and strangulated her to death,IPC_Section_302_376
raping,IPC_Section_376
raping a girl,IPC_Section_376
raping and attempting to murder,IPC_Section_307_376
raping and killing her but later girl died at the hospital,IPC_Section_302_376
raping and trying to stab her,IPC_Section_307_376
"raping, killing girl and her mother",IPC_Section_302_376
resulted in an employee being stabbed to death,IPC_Section_302
resulting in the death,IPC_Section_302
rushed to hospital and he died,IPC_Section_302
sale of adulterated drugs,IPC_Section_307
"Section 376 IPC, provides punishment for rape",IPC_Section_376
semi-naked body of girl was found dumped,IPC_Section_302_376
serious injuries suffered.,IPC_Section_307
session was intruded by some who threatened girls of rape and murder,IPC_Section_307_376
sexual intercourse,IPC_Section_376
sexual intercourse by a person in authority person being a public servant seduces or takes advantage of a woman,IPC_Section_376
sexual intercourse by the male or man upon his spouse or wife during separation,IPC_Section_376
sexually,IPC_Section_376
sexually assaulted ,IPC_Section_376
she has been raped several times by her stepfather,IPC_Section_376
she killed her husband,IPC_Section_302
she resisted to his advances two other men raped her,IPC_Section_376
she was physically exploited and raped by her father-in-law who strangulated her to hush up the matter,IPC_Section_302_376
she was thrown out of a running train,IPC_Section_307
shopkeeper which alleged man along his associates shot at him with a pistol,IPC_Section_307
shot dead,IPC_Section_302
shot dead by 4 motorcycle-borne assailants,IPC_Section_302
shot him dead while he was sleeping,IPC_Section_302
slashed throat killing,IPC_Section_302
smothering  children to death using a pillow,IPC_Section_302
someone had raped and attempt to seriously injure a woman,IPC_Section_307_376
spinal injury as she was allegedly thrashed by him each time,IPC_Section_307
spirited her away to a nearby room and raped her,IPC_Section_376
stabbed to death,IPC_Section_302
stabbed to death,IPC_Section_302
stabbed to death by unidentified assailants,IPC_Section_302
stabbed to death in a suspected case of honour killing,IPC_Section_302
stabbing and killing that caused death,IPC_Section_302
strangled to death,IPC_Section_302
student for firing at a city residence,IPC_Section_307
student has been battling for life after she was allegedly gang-raped and poisoned by 4 persons,IPC_Section_307_376
student of a school died after he was allegedly beaten up by a group of students in the school compound,IPC_Section_302
student of a school was allegedly raped by two school teachers,IPC_Section_376
student of college was sexually assaulted,IPC_Section_376
student on her way to a coaching centre here was forcibly carried away by 2 unidentified men to the banks of river Yamuna and gang raped,IPC_Section_376
student raped by an assistant professor,IPC_Section_376
student was allegedly abducted and raped by 3 youths ,IPC_Section_376
student was allegedly raped by 6 men for two days before being dumped in a forest,IPC_Section_376
student was allegedly raped by a lawyer and his accomplice inside his chamber,IPC_Section_376
student was found murdered ,IPC_Section_302
student was raped by a cab driver who lured her under the pretext of a birthday party,IPC_Section_376
suspect first raped her and  he suffocated her to death with a blanket,IPC_Section_302_376
"suspected case of honour killing, a woman was hacked to death allegedly by her father",IPC_Section_302
teacher of a government school allegedly raped a student,IPC_Section_376
teenage girl was raped in a car by 4 men,IPC_Section_376
the accused accepted that he had tried to kill the man,IPC_Section_307
the accused brother allegedly raped the minor girl,IPC_Section_376
the accused had allegedly stabbed his victim 3 times during the rape,IPC_Section_307_376
"the accused himself is HIV positive and had committed rape upon his stepdaughter, infecting her with the same life threatening disease",IPC_Section_307_376
The accused killed the woman by smashing her head with a stone,IPC_Section_302
the accused murdered the victims using a sharp-edged weapon over an altercation,IPC_Section_302
the accused slashed her throat killing her on the spot,IPC_Section_302
The accused stabbed victim on a road when he was going home,IPC_Section_307
the accused stabbed victim with a knife and then he died on the spot,IPC_Section_302
The autopsy report has confirmed murder and there was an attempt to rape her as well,IPC_Section_302_376
the body part where the injury is inflicted,IPC_Section_307
the body part where the injury is inflicted due to beating,IPC_Section_307
The criminal intent to be punishable must be shown by a person by doing some voluntary act or omission,IPC_Section_307
The deceased woman was murdered,IPC_Section_302
The doing of an act towards it,IPC_Section_307
the gangrape and murder of the girl allegedly strangled by another suspect,IPC_Section_302_376
The intention or knowledge of the accused,IPC_Section_307
the management or on the staff of a hospital commits rape on a woman in that hospital,IPC_Section_376
the mixing of poison in food with the intention of causing demise will be an offence even though no demise occurs,IPC_Section_307
The motive for the murder is still unknown and the killers are untraceable,IPC_Section_302
the murder was a fallout of a dispute between the accused and the victims over food,IPC_Section_302
The person fires the gun or shoots at the victim and by such firing or shooting he wounds victim,IPC_Section_307
the person got injured or wonded due to whipping,IPC_Section_307
The person tried or attempted to murder or kill the victim,IPC_Section_307
the person was severely wounded due to thrashing ,IPC_Section_307
the rape and murder case of a minor girl,IPC_Section_302_376
the rape and murder of girl,IPC_Section_302_376
The victim is currently in the hospital and her condition is critical,IPC_Section_307
"the woman alleged that the accused, who is a court staff, raped her inside a room of the avenue Court",IPC_Section_376
They assaulted the woman and rendered her unconscious following which the two accused allegedly raped her,IPC_Section_307_376
They gang-raped and tried to kill the woman,IPC_Section_307_376
They later gang raped her,IPC_Section_376
they took the girl and raped her before strangulating her to death and dumping her body or deadbody after putting it in a bag,IPC_Section_302_376
they took turns to rape her,IPC_Section_376
they took turns to rape her and they poisoned her,IPC_Section_307_376
thrashed and killed allegedly,IPC_Section_302
throttled his wife and two children,IPC_Section_302
tribal woman was allegedly raped by 3 men at a forest,IPC_Section_376
tried to kill allegedly raping and raped her and setting on fire a woman,IPC_Section_307_376
try to enter without mandatory virus screening,IPC_Section_307
trying to,IPC_Section_307
trying to kill and rape,IPC_Section_307_376
two accused in a murder case within 24 hours of the incident and also recovered the crime weapon,IPC_Section_302
unidentified accused on charges of murder and rape,IPC_Section_302_376
victim shot by accused,IPC_Section_307
victim shot dead by accused,IPC_Section_302
victim was allegedly beaten to death,IPC_Section_302
victim was beaten to death,IPC_Section_302
"victim was gang raped and murdered, her body or dead body was dumped and burnt",IPC_Section_302_376
was allegedly beaten to death by 5 men,IPC_Section_302
was allegedly gang-raped by three people,IPC_Section_376
was killed allegedly,IPC_Section_302
was shot dead by unidentified assailants,IPC_Section_302
were attacked by,IPC_Section_307
were caught for murdering,IPC_Section_302
were injured by splinters of the bullet,IPC_Section_307
when the girl came out of her school they took her to an abandoned building nearby and allegedly raped her,IPC_Section_376
"when the woman is living separately from her spouse under a decree of judicial separation, sexual intercourse without her consent",IPC_Section_376
while committing rape causes grievous bodily harm or maims or disfigures or endangers the life of a woman,IPC_Section_376
while she was going to tuition the accused took her to his room and raped her,IPC_Section_376
who was attacked by,IPC_Section_307
Whoever commits rape,IPC_Section_376
witnessed the murder,IPC_Section_302
woman allegedly killed her spouse while he was sleeping,IPC_Section_302
woman allegedly poisoned her husband and daughter before consuming it herself resulting in the death of all 3 family members,IPC_Section_302
woman for allegedly murdered her brother after his body was found packed in a sack,IPC_Section_302
woman has accused a man of raping her several times in the past few months on the pretext of marriage,IPC_Section_376
woman has alleged that she was abducted and raped by 5 youths,IPC_Section_376
woman killed her only son,IPC_Section_302
woman set on fire on way to testify against alleged rapists or people who commited rape on her,IPC_Section_307_376
woman shot dead by her husband,IPC_Section_302
"woman sold for 10,000 and raped by people for whom she was forced to work as domestic help",IPC_Section_376
woman stabbed to death by her husband,IPC_Section_302
woman sustained injuries to her spine and had to go to a doctor,IPC_Section_307
woman threw her 3 children into and later jumped into it woman was saved ,IPC_Section_307
woman travelling with her children allegedly raped at a secluded 2 cab drivers and stabbed or attacked with the knife,IPC_Section_307_376
woman travelling with her children raped in  moving bus and thrown from the bus,IPC_Section_307_376
woman travelling with her children was allegedly raped on a moving bus by one its two drivers,IPC_Section_376
woman was abducted and raped by 6 persons,IPC_Section_376
woman was allegedly abducted and raped by 2 men,IPC_Section_376
woman was allegedly abducted and raped by a man,IPC_Section_376
woman was allegedly burnt alive by a man and she died,IPC_Section_302
woman was allegedly burnt to death by her father,IPC_Section_302
woman was allegedly burnt to death by her husband and in-laws,IPC_Section_302
woman was allegedly forced to drink liquor by her husband and gang-raped by his friends in front of their child,IPC_Section_376
woman was allegedly gang raped by 5 men,IPC_Section_376
woman was allegedly gang-raped by 3 men,IPC_Section_376
woman was allegedly killed by her husband,IPC_Section_302
woman was allegedly raped and murdered,IPC_Section_302_376
woman was allegedly raped and strangled to death or murdered or killed by 2 persons,IPC_Section_302_376
woman was allegedly raped at a civic-run hospital here by a man on the pretext of helping her fill a fee concession form,IPC_Section_376
woman was allegedly raped by 3 men in a government school premises,IPC_Section_376
woman was allegedly raped by 5 persons,IPC_Section_376
woman was allegedly raped by 9 people,IPC_Section_376
woman was allegedly raped by a boy,IPC_Section_376
woman was allegedly raped by a man at her friends place here after being offered a drink laced with sedatives,IPC_Section_376
woman was allegedly raped by a man who recorded the act and tried to blackmail her,IPC_Section_376
woman was allegedly raped by two youths,IPC_Section_376
woman was allegedly sexually assaulted by doctors,IPC_Section_376
woman was beaten to death by her step son,IPC_Section_302
woman was burnt alive allegedly by man after she resisted his attempt to rape her,IPC_Section_302_376
woman was first gang-raped and later murdered by her in-laws,IPC_Section_302_376
woman was found dead,IPC_Section_302
woman was gangraped by 10 men and was thrashed severely that injured her ,IPC_Section_307_376
woman was killed by 5 persons who hanged her body to show it as a case of suicide,IPC_Section_302
woman was set on fire alive by a land mafia group in Assam as they attempted to kill her over a land dispute,IPC_Section_307
woman was shot dead,IPC_Section_302
woman was stabbed She spent the next 24 hours with the knife inside her chest,IPC_Section_307
woman who has 4 children on Tuesday alleged rape by the man,IPC_Section_376
women was raped and tried to be attacked with knife on her abdoman,IPC_Section_307_376
young woman has been murdered by her lover,IPC_Section_302
youngster on charges of raping a girl,IPC_Section_376
youth first made an attempt to rape a widow and later set her ablaze or set her on fire when she resisted,IPC_Section_307_376
youth raped and murdered a girl,IPC_Section_302_376
youth was hacked to death by an unidentified person,IPC_Section_302
youth was shot at after a brawl at a crowded pub,IPC_Section_307
youth who opened fire at,IPC_Section_307
youths attacked person and they allegedly opened fire at that person,IPC_Section_307
